1,関口賢明,セキグチタテアキ,男,tateaki_sekiguchi@luchfpywkt.wg,1960/11/16
2,田代孝子,タシロタカコ,女,takako_tashiro@rbhucrw.uva,1945/05/15
3,大沢由紀,オオサワユキ,女,yuki3816@blqzwgd.lio.fwr,1921/03/19
4,江田泰,エダヤスシ,男,yasushi_eda@altecp.cb,1963/05/31
5,高沢紀幸,タカザワノリユキ,男,noriyuki42128@cibrkhsv.pr,1993/11/21
6,三上紗矢,ミカミサヤ,女,sayamikami@phvgvoyjbh.xup,1932/11/06
7,古河秀加,フルカワヒデカ,女,hideka_furukawa@cflv.kc,1999/01/21
8,福元道春,フクモトミチハル,男,michiharu83147@axhzdlucs.lm,1956/02/13
9,八田結愛,ヤツタユア,女,Yua_Yatsuta@bremgccant.van,2015/02/26
10,長谷部春彦,ハセベハルヒコ,男,haruhiko9491@itrde.qg,1958/07/16
11,森島英子,モリシマエイコ,女,eikomorishima@uuqsydwm.gki,1935/04/16
12,瀬尾明莉,セオアカリ,女,akari9290@ixzmof.jap,1977/12/01
13,松木真奈美,マツキマナミ,女,manami_matsuki@ipyatn.kcpvy.ygm,1944/04/09
14,浜崎徳雄,ハマザキトクオ,男,tokuo76795@mbqq.eajs.gq,1931/12/15
15,清田浩次,キヨタコウジ,男,kouji592@kghfabbg.ks,1965/01/31
16,金沢香菜,カナザワカナ,女,kana768@smbtn.xgz,2017/08/01
17,矢口陽子,ヤグチヨウコ,女,youko779@yququ.rkb,1976/12/16
18,和泉力男,イズミリキオ,男,oizumi@akdwsu.ohv,1996/01/05
19,谷本雅裕,タニモトマサヒロ,男,masahiro77458@fncfvgz.fu.zxf,1941/02/17
20,難波小梅,ナンバコウメ,女,koume1914@ukcytkwfo.topg.bt,2012/11/17
21,町田優羽,マチダユウ,女,yuu8192@qhybhingku.nqi.fxk,1998/02/27
22,中塚正司,ナカツカマサシ,男,pbihlidibklf-masashi669@hotrrq.kss.jlf,1936/02/08
23,富樫美怜,トガシミレイ,女,mireitogashi@ckzbnvht.juj,1965/09/08
24,丹野芳久,タンノヨシヒサ,男,atamno@zfoijk.cdr,1918/10/01
25,塩沢善成,シオザワヨシナリ,男,Yoshinari_Shiozawa@sfgdgmhs.uq,1959/05/06
26,大河原杏菜,オオガワラアンナ,女,amna9834@nggrjzy.oew,1983/05/13
27,田辺宣彦,タナベノブヒコ,男,nobuhiko41634@cvnp.prtp.uzr,1945/07/10
28,寺尾信明,テラオノブアキ,男,nobuakiterao@uuxdbyv.zyh.nc,1968/12/13
29,栗林優起,クリバヤシユウキ,男,Yuuki_Kuribayashi@djoq.ugwja.nfh,2000/04/23
30,福井忠雄,フクイタダオ,男,tadaofukui@ebydtmfwj.idz.aue,1997/10/07
31,宇野初音,ウノハツネ,女,euno@npanlqtt.rsjk.fd,2012/10/15
32,前島琴音,マエジマコトネ,女,kotonemaejima@syllbwfsad.lp,2000/10/23
33,河口一也,カワグチカズヤ,男,Kazuya_Kawaguchi@snwvnwj.owe,1932/01/22
34,大和稟,ダイワリン,女,ndaiwa@skwbctgvof.ocz,2009/01/27
35,猪俣有沙,イノマタアリサ,女,ainomata@cuhrepf.gcv,2007/04/05
36,徳田舞花,トクダマイカ,女,atokuda@mxriw.nxcpj.ig,1986/10/04
37,今川隆文,イマガワタカフミ,男,takafumi_imagawa@ekgr.pw,1925/06/26
38,石山未来,イシヤマミライ,女,mirai9478@vbsel.hpg,1991/09/28
39,富樫心愛,トガシココア,女,kokoa247@ramlpkxd.vum,1944/09/25
40,藤岡重義,フジオカシゲヨシ,男,shigeyoshi08956@jkdtudcagj.nfqy.np,1955/03/29
41,紺野令子,コンノレイコ,女,nyuuugnoreiko66506@brcqlhm.rcy,1972/01/07
42,田所聡美,タドコロサトミ,女,satomi3786@msypnszo.rge,1944/02/12
43,塚原一義,ツカハラカズヨシ,男,kazuyoshi4462@wtvxzobjfs.xb,1986/02/10
44,関口美沙,セキグチミサ,女,misa_sekiguchi@momfotmwy.ab,1967/11/19
45,米沢守弘,ヨネザワモリヒロ,男,oyonezawa@rpbdvlo.mat.puj,1928/11/30
46,稲田花奈,イナダハナ,女,hana591@lbgxonoa.bmoj.zc,1942/11/29
47,坂野宣政,サカノノブマサ,男,nobumasa3969@mjwx.cn,1977/07/16
48,大下章一,オオシタショウイチ,男,shouichi304@escecjkhut.ig,1994/02/03
49,仲田松雄,ナカダマツオ,男,matsuonakada@jlbooi.pr,2000/08/14
50,中川康雄,ナカガワヤスオ,男,ttesrnrnryasuo30903@hmlu.niz,1976/10/06
51,田尻聡子,タジリサトコ,女,satoko9579@eull.dl,1998/12/15
52,小林真悠,コバヤシマユ,女,ukobayashi@nqlga.ls,1947/03/11
53,島政信,シママサノブ,男,masanobushima@dyxr.fk,1999/12/13
54,雨宮真紀,アメミヤマキ,女,maki5174@cremledd.lg,1918/05/27
55,冨田勇夫,トミタイサオ,男,sjbbqaisao090@apqc.alu,1935/03/06
56,熊田達志,クマダタツシ,男,ikumada@lhgavfttje.slta.wv,2008/06/12
57,古河昌二,フルカワショウジ,男,ifurukawa@ywjfxvodw.badnw.qg,1993/10/23
58,神崎知子,カンザキトモコ,女,tomoko19916@nistyw.nvg,1923/03/02
59,坂下友里,サカシタユリ,女,wtxqlupbqsiyuri19701@sumgqorm.un,1989/09/02
60,小久保陽華,コクボハルカ,女,Haruka_Kokubo@lmsddeez.fcy,1935/01/23
61,下田棟上,シモダトウジョウ,女,toujou792@rgswwfo.pv,2007/08/27
62,今村優空,イマムラユラ,女,yura4991@plubejn.gtf.kar,1931/08/31
63,名取菜穂,ナトリナホ,女,naho620@pcpyotl.vgk,1982/01/05
64,中原市太郎,ナカハライチタロウ,男,hpthx=ichitarou204@uyybm.io,1995/02/20
65,高梨数子,タカナシカズコ,女,Kazuko_Takanashi@pjupmor.ipv.tlt,1983/06/20
66,大原甫,オオハラハジメ,男,fwouyg=rtw=mza=hajime398@hslkqus.ob.jkt,1972/10/24
67,池谷心菜,イケタニココナ,女,kokona592@lskumtwue.cwx,1942/01/11
68,大下早苗,オオシタサナエ,女,eooshita@xsgcyvl.ibp,1946/04/06
69,富岡真優,トミオカマユ,女,mayu403@ekjtf.wzmcb.jpq,2011/04/19
70,浦田清花,ウラタサヤカ,女,sayaka243@ogddcivm.pgc,2005/04/21
71,池谷達男,イケタニタツオ,男,tatsuo53100@nwymkz.kw,2007/02/06
72,福沢竜,フクザワリュウ,男,ufukuzawa@bqvzxqtbzd.owk.cm,2014/06/28
73,重松千晶,シゲマツチアキ,女,chiaki3841@yhfs.su,1980/08/02
74,増井加奈子,マスイカナコ,女,kanako562@eqini.gyuuo.he,1961/05/05
75,松井美結,マツイミユ,女,miyu_matsui@ubhb.ugdw.lax,1963/09/06
76,小村亜希子,コムラアキコ,女,akiko063@skwl.pn.kt,1976/03/10
77,福本達男,フクモトタツオ,男,tatsuofukumoto@aitd.zchk.tu,1944/12/03
78,畑中龍一,ハタナカリュウイチ,男,ryuuichi82515@swnx.jt,1977/04/06
79,佐野和正,サノカズマサ,男,asano@psukdod.ttqy.eg,1987/09/01
80,神谷彩芽,カミヤアヤメ,女,ayame8973@mnvfvhpef.kkh,1926/04/07
81,村岡勝美,ムラオカカツミ,女,katsumi527@qbblu.bowh.vh,1954/03/10
82,浦田亨,ウラタトオル,男,tooru738@ajemur.nlh,2000/08/29
83,坂口賢,サカグチケン,男,nsakaguchi@odexzndqm.iu,2013/07/21
84,梅田真桜,ウメダマオ,女,Mao_Umeda@kzzxzkuqrv.pd,1954/06/17
85,北島晶,キタジマアキラ,男,akitajima@fziekluw.yx,1927/11/27
86,川島紀幸,カワシマノリユキ,男,noriyuki_kawashima@oclrhgt.ah,1920/04/03
87,黒沢良二,クロサワリョウジ,男,ikurosawa@oblwehu.ibnqn.ky,2002/01/05
88,長井喜代子,ナガイキヨコ,女,kiyokonagai@opiuqemdd.ymee.so,1919/02/27
89,坂元朱音,サカモトアカネ,女,igqfqginakane121@dfbfoja.wk,2001/04/18
90,砂川千鶴,サガワチヅル,女,chizuru0841@jwhlxomzkk.if,1921/04/02
91,齋藤孝二,サイトウコウジ,男,kouji945@myetxvefpk.hraaq.hep,1949/06/16
92,古河梨緒,フルカワリオ,女,rio74548@whrakuclim.eo,1924/04/28
93,菅沼椿,スガヌマツバキ,女,isuganuma@bxxu.fql,2007/10/12
94,桜井良子,サクライヨシコ,女,yoshiko74333@nzunizzbo.fb,2013/12/01
95,福山英世,フクヤマヒデヨ,男,cawvfdnwjhideyo62663@gglqjpeny.as,1934/03/27
96,鈴木晶,スズキアキラ,男,asuzuki@mkof.mpu.ci,1993/01/16
97,岩本雅也,イワモトマサヤ,男,masaya441@suagkvbtsg.ecw,1951/04/16
98,浜靖夫,ハマヤスオ,男,xcoptsmkcidsyasuo8306@ugwqp.hyxs.ehl,2001/03/17
99,葛西亜抄子,カサイアサコ,女,Asako_Kasai@raiqhfpj.ct,1919/03/11
100,足立幸一,アダチコウイチ,男,kouichi_adachi@bpsturiyc.jgjw.sg,1968/04/12
